{
  "namespace": "chest",
  "chest_label": {},
  "ofunnys_chest_panel": {
    "type": "image",
    "size": [
      256,
      512
    ],
    "offset": [
      0,
      110
    ],
    "layer": 11,
    "$localtitle": "$container_title"
  },
  "ofunnys_ia_categories@ofunnys_chest_panel": {
    "texture": "textures/ui/inventory/ia/ia_categories",
    "visible": "(not ($localtitle - '' = $localtitle))"
  },
  "ofunnys_ia_crafting@ofunnys_chest_panel": {
    "texture": "textures/ui/inventory/ia/ia_crafting",
    "visible": "(not ($localtitle - '' = $localtitle))"
  },
  "ofunnys_chest_panels": {
    "type": "panel",
    "controls": [
      {
        "ofunnys_ia_categories@ofunnys_ia_categories": {}
      },
      {
        "ofunnys_ia_crafting@ofunnys_ia_crafting": {}
      },
      {
        "template-9x6@template-9x6": {}
      },
      {
        "tribes-tribes@tribes-tribes": {}
      },
      {
        "tribes-roles@tribes-roles": {}
      },
      {
        "tribes-tribes-tribe@tribes-tribes-tribe": {}
      },
      {
        "tribes-forge@tribes-forge": {}
      },
      {
        "tribes-forge-category@tribes-forge-category": {}
      },
      {
        "center@center": {}
      },
      {
        "center-upgrades@center-upgrades": {}
      },
      {
        "center-upgrades@center-upgrades-land": {}
      }
    ]
  },
  "large_chest_panel": {
    "modifications": [
      {
        "array_name": "controls",
        "operation": "insert_back",
        "value": {
          "ofunnys_chest_panels@ofunnys_chest_panels": {}
        }
      }
    ]
  },
  "small_chest_panel": {
    "modifications": [
      {
        "array_name": "controls",
        "operation": "insert_back",
        "value": {
          "ofunnys_chest_panels@ofunnys_chest_panels": {}
        }
      }
    ]
  },
  "small_chest_screen@common.inventory_screen_common": {
    "$atitle": "$container_title",
    "$ofunnymenu": "(('%.2s' * $atitle) = '§')",
    "variables": [
      {
        "requires": "($desktop_screen or $ofunnymenu)",
        "$screen_content": "chest.small_chest_panel",
        "$screen_bg_content": "common.screen_background",
        "$screen_background_alpha": 0.4
      },
      {
        "requires": "($pocket_screen and not $ofunnymenu)",
        "$use_custom_pocket_toast": true,
        "$screen_content": "pocket_containers.small_chest_panel"
      }
    ]
  },
  "large_chest_screen@common.inventory_screen_common": {
    "$atitle": "$container_title",
    "$ofunnymenu": "(('%.2s' * $atitle) = '§')",
    "variables": [
      {
        "requires": "($desktop_screen or $ofunnymenu)",
        "$screen_content": "chest.large_chest_panel",
        "$screen_bg_content": "common.screen_background",
        "$screen_background_alpha": 0.4
      },
      {
        "requires": "($pocket_screen and not $ofunnymenu)",
        "$use_custom_pocket_toast": true,
        "$screen_content": "pocket_containers.large_chest_panel"
      }
    ]
  },
  
  "template-9x6@ofunnys_chest_panel": {
    "texture": "textures/menu/template-9x6.png",
    "visible": "(not ($localtitle - '☀' = $localtitle))",
    "size": [175, 140],
    "offset": [-1, -45]
  },

  "tribes-roles@ofunnys_chest_panel": {
    "texture": "textures/menu/tribes-roles.png",
    "visible": "(not ($localtitle - '塿' = $localtitle))",
    "size": [175, 140],
    "offset": [-1, -45]
  },
  "tribes-tribes@ofunnys_chest_panel": {
    "texture": "textures/menu/tribes-tribes.png",
    "visible": "(not ($localtitle - '輋' = $localtitle))",
    "size": [175, 140],
    "offset": [-1, -45]
  },
  "tribes-tribes-tribe@ofunnys_chest_panel": {
    "texture": "textures/menu/tribes-tribes-tribe.png",
    "visible": "(not ($localtitle - '号' = $localtitle))",
    "size": [175, 140],
    "offset": [-1, -45]
  },
  "tribes-forge@ofunnys_chest_panel": {
    "texture": "textures/menu/tribes-forge.png",
    "visible": "(not ($localtitle - '鿁' = $localtitle))",
    "size": [175, 140],
    "offset": [-1, -45]
  },
  "tribes-forge-category@ofunnys_chest_panel": {
    "texture": "textures/menu/tribes-forge-category.png",
    "visible": "(not ($localtitle - '晊' = $localtitle))",
    "size": [175, 140],
    "offset": [-1, -45]
  },

  "center@ofunnys_chest_panel": {
    "texture": "textures/menu/center.png",
    "visible": "(not ($localtitle - '\ueff5' = $localtitle))",
    "size": [175, 140],
    "offset": [-1, -45]
  },
  "center-upgrades@ofunnys_chest_panel": {
    "texture": "textures/menu/center-upgrades.png",
    "visible": "(not ($localtitle - '\ueff6' = $localtitle))",
    "size": [175, 140],
    "offset": [-1, -45]
  },
  "center-upgrades-land@ofunnys_chest_panel": {
    "texture": "textures/menu/center-upgrades-land.png",
    "visible": "(not ($localtitle - '\ueff6' = $localtitle))",
    "size": [175, 140],
    "offset": [-1, -45]
  }
}